2014-07-13 16:00|Germany|Argentina|1|0|Final|Estadio do Maracana|Rio De Janeiro
2014-07-12 17:00|Brazil|Netherlands|0|3|Third|Estadio Nacional|Brasilia
2014-07-09 17:00|Netherlands|Argentina|0|0|Semi|Arena de Sao Paulo|Sao Paulo
2014-07-08 17:00|Brazil|Germany|1|7|Semi|Estadio Mineirao|Belo Horizonte
2014-07-05 17:00|Netherlands|Costa Rica|0|0|Quarter|Arena Fonte Nova|Salvador
2014-07-05 13:00|Argentina|Belgium|1|0|Quarter|Estadio Nacional|Brasilia
2014-07-04 17:00|Brazil|Colombia|2|1|Quarter|Estadio Castelao|Fortaleza
2014-07-04 13:00|France|Germany|0|1|Quarter|Estadio do Maracana|Rio De Janeiro
2014-07-01 17:00|Belgium|USA|2|1|Knock|Arena Fonte Nova|Salvador
2014-07-01 13:00|Argentina|Switzerland|1|0|Knock|Arena de Sao Paulo|Sao Paulo
2014-06-30 17:00|Germany|Algeria|2|1|Knock|Estadio Beira-Rio|Porto Alegre
2014-06-30 13:00|France|Nigeria|2|0|Knock|Estadio Nacional|Brasilia
2014-06-29 17:00|Costa Rica|Greece|1|1|Knock|Arena Pernambuco|Recife
2014-06-29 13:00|Netherlands|Mexico|2|1|Knock|Estadio Castelao|Fortaleza
2014-06-28 17:00|Colombia|Uruguay|2|0|Knock|Estadio do Maracana|Rio De Janeiro
2014-06-28 13:00|Brazil|Chile|1|1|Knock|Estadio Mineirao|Belo Horizonte
2014-06-26 17:00|Korea Republic|Belgium|0|1|H|Arena de Sao Paulo|Sao Paulo
2014-06-26 17:00|Algeria|Russia|1|1|H|Arena da Baixada|Curitiba
2014-06-26 13:00|USA|Germany|0|1|G|Arena Pernambuco|Recife
2014-06-26 13:00|Portugal|Ghana|2|1|G|Estadio Nacional|Brasilia
2014-06-25 17:00|Ecuador|France|0|0|E|Estadio do Maracana|Rio De Janeiro
2014-06-25 16:00|Honduras|Switzerland|0|3|E|Arena Amazonia|Manaus
2014-06-25 13:00|Nigeria|Argentina|2|3|F|Estadio Beira-Rio|Porto Alegre
2014-06-25 13:00|Bosnia and Herzegovina|Iran|3|1|F|Arena Fonte Nova|Salvador
2014-06-24 17:00|Greece|Côte d'Ivoire|2|1|C|Estadio Castelao|Fortaleza
2014-06-24 16:00|Japan|Colombia|1|4|C|Arena Pantanal|Cuiaba
2014-06-24 13:00|Italy|Uruguay|0|1|D|Estadio das Dunas|Natal
2014-06-24 13:00|Costa Rica|England|0|0|D|Estadio Mineirao|Belo Horizonte
2014-06-23 17:00|Croatia|Mexico|1|3|A|Arena Pernambuco|Recife
2014-06-23 17:00|Cameroon|Brazil|1|4|A|Estadio Nacional|Brasilia
2014-06-23 13:00|Netherlands|Chile|2|0|B|Arena de Sao Paulo|Sao Paulo
2014-06-23 13:00|Australia|Spain|0|3|B|Arena da Baixada|Curitiba
2014-06-22 18:00|USA|Portugal|2|2|G|Arena Amazonia|Manaus
2014-06-22 16:00|Korea Republic|Algeria|2|4|H|Estadio Beira-Rio|Porto Alegre
2014-06-22 13:00|Belgium|Russia|1|0|H|Estadio do Maracana|Rio De Janeiro
2014-06-21 18:00|Nigeria|Bosnia and Herzegovina|1|0|F|Arena Pantanal|Cuiaba
2014-06-21 16:00|Germany|Ghana|2|2|G|Estadio Castelao|Fortaleza
2014-06-21 13:00|Argentina|Iran|1|0|F|Estadio Mineirao|Belo Horizonte
2014-06-20 19:00|Honduras|Ecuador|1|2|E|Arena da Baixada|Curitiba
2014-06-20 16:00|Switzerland|France|2|5|E|Arena Fonte Nova|Salvador
2014-06-20 13:00|Italy|Costa Rica|0|1|D|Arena Pernambuco|Recife
2014-06-19 19:00|Japan|Greece|0|0|C|Estadio das Dunas|Natal
2014-06-19 16:00|Uruguay|England|2|1|D|Arena de Sao Paulo|Sao Paulo
2014-06-19 13:00|Colombia|Côte d'Ivoire|2|1|C|Estadio Nacional|Brasilia
2014-06-18 18:00|Cameroon|Croatia|0|4|A|Arena Amazonia|Manaus
2014-06-18 16:00|Spain|Chile|0|2|B|Estadio do Maracana|Rio De Janeiro
2014-06-18 13:00|Australia|Netherlands|2|3|B|Estadio Beira-Rio|Porto Alegre
2014-06-17 18:00|Russia|Korea Republic|1|1|H|Arena Pantanal|Cuiaba
2014-06-17 16:00|Brazil|Mexico|0|0|A|Estadio Castelao|Fortaleza
2014-06-17 13:00|Belgium|Algeria|2|1|H|Estadio Mineirao|Belo Horizonte
2014-06-16 19:00|Ghana|USA|1|2|G|Estadio das Dunas|Natal
2014-06-16 16:00|Iran|Nigeria|0|0|F|Arena da Baixada|Curitiba
2014-06-16 13:00|Germany|Portugal|4|0|G|Arena Fonte Nova|Salvador
2014-06-15 19:00|Argentina|Bosnia and Herzegovina|2|1|F|Estadio do Maracana|Rio De Janeiro
2014-06-15 16:00|France|Honduras|3|0|E|Estadio Beira-Rio|Porto Alegre
2014-06-15 13:00|Switzerland|Ecuador|2|1|E|Estadio Nacional|Brasilia
2014-06-14 22:00|Côte d'Ivoire|Japan|2|1|C|Arena Pernambuco|Recife
2014-06-14 18:00|England|Italy|1|2|D|Arena Amazonia|Manaus
2014-06-14 16:00|Uruguay|Costa Rica|1|3|D|Estadio Castelao|Fortaleza
2014-06-14 13:00|Colombia|Greece|3|0|C|Estadio Mineirao|Belo Horizonte
2014-06-13 18:00|Chile|Australia|3|1|B|Arena Pantanal|Cuiaba
2014-06-13 16:00|Spain|Netherlands|1|5|B|Arena Fonte Nova|Salvador
2014-06-13 13:00|Mexico|Cameroon|1|0|A|Estadio das Dunas|Natal
2014-06-12 17:00|Brazil|Croatia|3|1|A|Arena de Sao Paulo|Sao Paulo
2010-07-11 20:30|Netherlands|Spain|0|1|Final|Soccer City Stadium|Johannesburg
2010-07-10 20:30|Uruguay|Germany|2|3|Third|Port Elizabeth Stadium|Nelson Mandela Bay/Port Elizabeth
2010-07-07 20:30|Germany|Spain|0|1|Semi|Durban Stadium|Durban
2010-07-06 20:30|Uruguay|Netherlands|2|3|Semi|Cape Town Stadium|Cape Town
2010-07-03 20:30|Paraguay|Spain|0|1|Quarter|Ellis Park Stadium|Johannesburg
2010-07-03 16:00|Argentina|Germany|0|4|Quarter|Cape Town Stadium|Cape Town
2010-07-02 20:30|Uruguay|Ghana|1|1|Quarter|Soccer City Stadium|Johannesburg
2010-07-02 16:00|Netherlands|Brazil|2|1|Quarter|Port Elizabeth Stadium|Nelson Mandela Bay/Port Elizabeth
2010-06-29 20:30|Spain|Portugal|1|0|Knock|Cape Town Stadium|Cape Town
2010-06-29 16:00|Paraguay|Japan|0|0|Knock|Loftus Versfeld Stadium|Tshwane/Pretoria
2010-06-28 20:30|Brazil|Chile|3|0|Knock|Ellis Park Stadium|Johannesburg
2010-06-28 16:00|Netherlands|Slovakia|2|1|Knock|Durban Stadium|Durban
2010-06-27 20:30|Argentina|Mexico|3|1|Knock|Soccer City Stadium|Johannesburg
2010-06-27 16:00|Germany|England|4|1|Knock|Free State Stadium|Mangaung/Bloemfontein
2010-06-26 20:30|USA|Ghana|1|2|Knock|Royal Bafokeng Sports Palace|Phokeng
2010-06-26 16:00|Uruguay|Korea Republic|2|1|Knock|Port Elizabeth Stadium|Nelson Mandela Bay/Port Elizabeth
2010-06-25 20:30|Switzerland|Honduras|0|0|H|Free State Stadium|Mangaung/Bloemfontein
2010-06-25 20:30|Chile|Spain|1|2|H|Loftus Versfeld Stadium|Tshwane/Pretoria
2010-06-25 16:00|Portugal|Brazil|0|0|G|Durban Stadium|Durban
2010-06-25 16:00|Korea DPR|Côte d'Ivoire|0|3|G|Mbombela Stadium|Nelspruit
2010-06-24 20:30|Denmark|Japan|1|3|E|Royal Bafokeng Sports Palace|Phokeng
2010-06-24 20:30|Cameroon|Netherlands|1|2|E|Cape Town Stadium|Cape Town
2010-06-24 16:00|Slovakia|Italy|3|2|F|Ellis Park Stadium|Johannesburg
2010-06-24 16:00|Paraguay|New Zealand|0|0|F|Peter Mokaba Stadium|Polokwane
2010-06-23 20:30|Ghana|Germany|0|1|D|Soccer City Stadium|Johannesburg
2010-06-23 20:30|Australia|Serbia|2|1|D|Mbombela Stadium|Nelspruit
2010-06-23 16:00|USA|Algeria|1|0|C|Loftus Versfeld Stadium|Tshwane/Pretoria
2010-06-23 16:00|Slovenia|England|0|1|C|Port Elizabeth Stadium|Nelson Mandela Bay/Port Elizabeth
2010-06-22 20:30|Nigeria|Korea Republic|2|2|B|Durban Stadium|Durban
2010-06-22 20:30|Greece|Argentina|0|2|B|Peter Mokaba Stadium|Polokwane
2010-06-22 16:00|Mexico|Uruguay|0|1|A|Royal Bafokeng Sports Palace|Phokeng
2010-06-22 16:00|France|South Africa|1|2|A|Free State Stadium|Mangaung/Bloemfontein
2010-06-21 20:30|Spain|Honduras|2|0|H|Ellis Park Stadium|Johannesburg
2010-06-21 16:00|Chile|Switzerland|1|0|H|Port Elizabeth Stadium|Nelson Mandela Bay/Port Elizabeth
2010-06-21 13:30|Portugal|Korea DPR|7|0|G|Cape Town Stadium|Cape Town
2010-06-20 20:30|Brazil|Côte d'Ivoire|3|1|G|Soccer City Stadium|Johannesburg
2010-06-20 16:00|Italy|New Zealand|1|1|F|Mbombela Stadium|Nelspruit
2010-06-20 13:30|Slovakia|Paraguay|0|2|F|Free State Stadium|Mangaung/Bloemfontein
2010-06-19 20:30|Cameroon|Denmark|1|2|E|Loftus Versfeld Stadium|Tshwane/Pretoria
2010-06-19 16:00|Ghana|Australia|1|1|D|Royal Bafokeng Sports Palace|Phokeng
2010-06-19 13:30|Netherlands|Japan|1|0|E|Durban Stadium|Durban
2010-06-18 20:30|England|Algeria|0|0|C|Cape Town Stadium|Cape Town
2010-06-18 16:00|Slovenia|USA|2|2|C|Ellis Park Stadium|Johannesburg
2010-06-18 13:30|Germany|Serbia|0|1|D|Port Elizabeth Stadium|Nelson Mandela Bay/Port Elizabeth
2010-06-17 20:30|France|Mexico|0|2|A|Peter Mokaba Stadium|Polokwane
2010-06-17 16:00|Greece|Nigeria|2|1|B|Free State Stadium|Mangaung/Bloemfontein
2010-06-17 13:30|Argentina|Korea Republic|4|1|B|Soccer City Stadium|Johannesburg
2010-06-16 20:30|South Africa|Uruguay|0|3|A|Loftus Versfeld Stadium|Tshwane/Pretoria
2010-06-16 16:00|Spain|Switzerland|0|1|H|Durban Stadium|Durban
2010-06-16 13:30|Honduras|Chile|0|1|H|Mbombela Stadium|Nelspruit
2010-06-15 20:30|Brazil|Korea DPR|2|1|G|Ellis Park Stadium|Johannesburg
2010-06-15 16:00|Côte d'Ivoire|Portugal|0|0|G|Port Elizabeth Stadium|Nelson Mandela Bay/Port Elizabeth
2010-06-15 13:30|New Zealand|Slovakia|1|1|F|Royal Bafokeng Sports Palace|Phokeng
2010-06-14 20:30|Italy|Paraguay|1|1|F|Cape Town Stadium|Cape Town
2010-06-14 16:00|Japan|Cameroon|1|0|E|Free State Stadium|Mangaung/Bloemfontein
2010-06-14 13:30|Netherlands|Denmark|2|0|E|Soccer City Stadium|Johannesburg
2010-06-13 20:30|Germany|Australia|4|0|D|Durban Stadium|Durban
2010-06-13 16:00|Serbia|Ghana|0|1|D|Loftus Versfeld Stadium|Tshwane/Pretoria
2010-06-13 13:30|Algeria|Slovenia|0|1|C|Peter Mokaba Stadium|Polokwane
2010-06-12 20:30|England|USA|1|1|C|Royal Bafokeng Sports Palace|Phokeng
2010-06-12 16:00|Argentina|Nigeria|1|0|B|Ellis Park Stadium|Johannesburg
2010-06-12 13:30|Korea Republic|Greece|2|0|B|Port Elizabeth Stadium|Nelson Mandela Bay/Port Elizabeth
2010-06-11 20:30|Uruguay|France|0|0|A|Cape Town Stadium|Cape Town
2010-06-11 16:00|South Africa|Mexico|1|1|A|Soccer City Stadium|Johannesburg
2006-07-09 20:00|Italy|France|1|1|Final|Olympiastadion|Berlin
2006-07-08 21:00|Germany|Portugal|3|1|Third|Gottlieb-Daimler-Stadion|Stuttgart
2006-07-05 21:00|Portugal|France|0|1|Semi|FIFA World Cup Stadium, Munich|Munich
2006-07-04 21:00|Germany|Italy|0|2|Semi|FIFA World Cup Stadium, Dortmund|Dortmund
2006-07-01 21:00|Brazil|France|0|1|Quarter|FIFA World Cup Stadium, Frankfurt|Frankfurt/Main
2006-07-01 17:00|England|Portugal|0|0|Quarter|FIFA World Cup Stadium, Gelsenkirchen|Gelsenkirchen
2006-06-30 21:00|Italy|Ukraine|3|0|Quarter|FIFA World Cup Stadium, Hamburg|Hamburg
2006-06-30 17:00|Germany|Argentina|1|1|Quarter|Olympiastadion|Berlin
2006-06-27 21:00|Spain|France|1|3|Knock|FIFA World Cup Stadium, Hanover|Hanover
2006-06-27 17:00|Brazil|Ghana|3|0|Knock|FIFA World Cup Stadium, Dortmund|Dortmund
2006-06-26 21:00|Switzerland|Ukraine|0|0|Knock|FIFA World Cup Stadium, Cologne|Cologne
2006-06-26 17:00|Italy|Australia|1|0|Knock|Fritz-Walter-Stadion|Kaiserslautern
2006-06-25 21:00|Portugal|Netherlands|1|0|Knock|Franken-Stadion|Nuremberg
2006-06-25 17:00|England|Ecuador|1|0|Knock|Gottlieb-Daimler-Stadion|Stuttgart
2006-06-24 21:00|Argentina|Mexico|2|1|Knock|Zentralstadion|Leipzig
2006-06-24 17:00|Germany|Sweden|2|0|Knock|FIFA World Cup Stadium, Munich|Munich
2006-06-23 21:00|Togo|France|0|2|G|FIFA World Cup Stadium, Cologne|Cologne
2006-06-23 21:00|Switzerland|Korea Republic|2|0|G|FIFA World Cup Stadium, Hanover|Hanover
2006-06-23 16:00|Ukraine|Tunisia|1|0|H|Olympiastadion|Berlin
2006-06-23 16:00|Saudi Arabia|Spain|0|1|H|Fritz-Walter-Stadion|Kaiserslautern
2006-06-22 21:00|Japan|Brazil|1|4|F|FIFA World Cup Stadium, Dortmund|Dortmund
2006-06-22 21:00|Croatia|Australia|2|2|F|Gottlieb-Daimler-Stadion|Stuttgart
2006-06-22 16:00|Ghana|USA|2|1|E|Franken-Stadion|Nuremberg
2006-06-22 16:00|Czech Republic|Italy|0|2|E|FIFA World Cup Stadium, Hamburg|Hamburg
2006-06-21 21:00|Netherlands|Argentina|0|0|C|FIFA World Cup Stadium, Frankfurt|Frankfurt/Main
2006-06-21 21:00|Côte d'Ivoire|Serbia and Montenegro|3|2|C|FIFA World Cup Stadium, Munich|Munich
2006-06-21 16:00|Portugal|Mexico|2|1|D|FIFA World Cup Stadium, Gelsenkirchen|Gelsenkirchen
2006-06-21 16:00|Iran|Angola|1|1|D|Zentralstadion|Leipzig
2006-06-20 21:00|Sweden|England|2|2|B|FIFA World Cup Stadium, Cologne|Cologne
2006-06-20 21:00|Paraguay|Trinidad and Tobago|2|0|B|Fritz-Walter-Stadion|Kaiserslautern
2006-06-20 16:00|Ecuador|Germany|0|3|A|Olympiastadion|Berlin
2006-06-20 16:00|Costa Rica|Poland|1|2|A|FIFA World Cup Stadium, Hanover|Hanover
2006-06-19 21:00|Spain|Tunisia|3|1|H|Gottlieb-Daimler-Stadion|Stuttgart
2006-06-19 18:00|Saudi Arabia|Ukraine|0|4|H|FIFA World Cup Stadium, Hamburg|Hamburg
2006-06-19 15:00|Togo|Switzerland|0|2|G|FIFA World Cup Stadium, Dortmund|Dortmund
2006-06-18 21:00|France|Korea Republic|1|1|G|Zentralstadion|Leipzig
2006-06-18 18:00|Brazil|Australia|2|0|F|FIFA World Cup Stadium, Munich|Munich
2006-06-18 15:00|Japan|Croatia|0|0|F|Franken-Stadion|Nuremberg
2006-06-17 21:00|Italy|USA|1|1|E|Fritz-Walter-Stadion|Kaiserslautern
2006-06-17 18:00|Czech Republic|Ghana|0|2|E|FIFA World Cup Stadium, Cologne|Cologne
2006-06-17 15:00|Portugal|Iran|2|0|D|FIFA World Cup Stadium, Frankfurt|Frankfurt/Main
2006-06-16 21:00|Mexico|Angola|0|0|D|FIFA World Cup Stadium, Hanover|Hanover
2006-06-16 18:00|Netherlands|Côte d'Ivoire|2|1|C|Gottlieb-Daimler-Stadion|Stuttgart
2006-06-16 15:00|Argentina|Serbia and Montenegro|6|0|C|FIFA World Cup Stadium, Gelsenkirchen|Gelsenkirchen
2006-06-15 21:00|Sweden|Paraguay|1|0|B|Olympiastadion|Berlin
2006-06-15 18:00|England|Trinidad and Tobago|2|0|B|Franken-Stadion|Nuremberg
2006-06-15 15:00|Ecuador|Costa Rica|3|0|A|FIFA World Cup Stadium, Hamburg|Hamburg
2006-06-14 21:00|Germany|Poland|1|0|A|FIFA World Cup Stadium, Dortmund|Dortmund
2006-06-14 18:00|Tunisia|Saudi Arabia|2|2|H|FIFA World Cup Stadium, Munich|Munich
2006-06-14 15:00|Spain|Ukraine|4|0|H|Zentralstadion|Leipzig
2006-06-13 21:00|Brazil|Croatia|1|0|F|Olympiastadion|Berlin
2006-06-13 18:00|France|Switzerland|0|0|G|Gottlieb-Daimler-Stadion|Stuttgart
2006-06-13 15:00|Korea Republic|Togo|2|1|G|FIFA World Cup Stadium, Frankfurt|Frankfurt/Main
2006-06-12 21:00|Italy|Ghana|2|0|E|FIFA World Cup Stadium, Hanover|Hanover
2006-06-12 18:00|USA|Czech Republic|0|3|E|FIFA World Cup Stadium, Gelsenkirchen|Gelsenkirchen
2006-06-12 15:00|Australia|Japan|3|1|F|Fritz-Walter-Stadion|Kaiserslautern
2006-06-11 21:00|Angola|Portugal|0|1|D|FIFA World Cup Stadium, Cologne|Cologne
2006-06-11 18:00|Mexico|Iran|3|1|D|Franken-Stadion|Nuremberg
2006-06-11 15:00|Serbia and Montenegro|Netherlands|0|1|C|Zentralstadion|Leipzig
2006-06-10 21:00|Argentina|Côte d'Ivoire|2|1|C|FIFA World Cup Stadium, Hamburg|Hamburg
2006-06-10 18:00|Trinidad and Tobago|Sweden|0|0|B|FIFA World Cup Stadium, Dortmund|Dortmund
2006-06-10 15:00|England|Paraguay|1|0|B|FIFA World Cup Stadium, Frankfurt|Frankfurt/Main
2006-06-09 21:00|Poland|Ecuador|0|2|A|FIFA World Cup Stadium, Gelsenkirchen|Gelsenkirchen
2006-06-09 18:00|Germany|Costa Rica|4|2|A|FIFA World Cup Stadium, Munich|Munich
2002-06-30 20:00|Germany|Brazil|0|2|Final|International Stadium Yokohama|Yokohama
2002-06-29 20:00|Korea Republic|Turkey|2|3|Third|Daegu World Cup Stadium|Daegu
2002-06-26 20:30|Brazil|Turkey|1|0|Semi|Saitama Stadium 2002|Saitama
2002-06-25 20:30|Germany|Korea Republic|1|0|Semi|Seoul World Cup Stadium|Seoul
2002-06-22 20:30|Senegal|Turkey|0|1|Quarter|Osaka Nagai Stadium|Osaka
2002-06-22 15:30|Spain|Korea Republic|0|0|Quarter|Gwangju World Cup Stadium|Gwangju
2002-06-21 20:30|Germany|USA|1|0|Quarter|Munsu Football Stadium|Ulsan
2002-06-21 15:30|England|Brazil|1|2|Quarter|Shizuoka Stadium Ecopa|Shizuoka
2002-06-18 20:30|Korea Republic|Italy|2|1|Knock|Daejeon World Cup Stadium|Daejeon
2002-06-18 15:30|Japan|Turkey|0|1|Knock|Miyagi Stadium|Rifu
2002-06-17 20:30|Brazil|Belgium|2|0|Knock|Kobe Wing Stadium|Kobe
2002-06-17 15:30|Mexico|USA|0|2|Knock|Jeonju World Cup Stadium|Jeonju
2002-06-16 20:30|Spain|Republic of Ireland|1|1|Knock|Suwon World Cup Stadium|Suwon
2002-06-16 15:30|Sweden|Senegal|1|2|Knock|Oita Stadium Big Eye|Oita
2002-06-15 20:30|Denmark|England|0|3|Knock|Niigata Stadium Big Swan|Niigata
2002-06-15 15:30|Germany|Paraguay|1|0|Knock|Jeju World Cup Stadium|Jeju
2002-06-14 20:30|Portugal|Korea Republic|0|1|D|Incheon Football Stadium|Incheon
2002-06-14 20:30|Poland|USA|3|1|D|Daejeon World Cup Stadium|Daejeon
2002-06-14 15:30|Tunisia|Japan|0|2|H|Osaka Nagai Stadium|Osaka
2002-06-14 15:30|Belgium|Russia|3|2|H|Shizuoka Stadium Ecopa|Shizuoka
2002-06-13 20:30|Mexico|Italy|1|1|G|Oita Stadium Big Eye|Oita
2002-06-13 20:30|Ecuador|Croatia|1|0|G|International Stadium Yokohama|Yokohama
2002-06-13 15:30|Turkey|China PR|3|0|C|Seoul World Cup Stadium|Seoul
2002-06-13 15:30|Costa Rica|Brazil|2|5|C|Suwon World Cup Stadium|Suwon
2002-06-12 20:30|South Africa|Spain|2|3|B|Daejeon World Cup Stadium|Daejeon
2002-06-12 20:30|Slovenia|Paraguay|1|3|B|Jeju World Cup Stadium|Jeju
2002-06-12 15:30|Sweden|Argentina|1|1|F|Miyagi Stadium|Rifu
2002-06-12 15:30|Nigeria|England|0|0|F|Osaka Nagai Stadium|Osaka
2002-06-11 20:30|Saudi Arabia|Republic of Ireland|0|3|E|International Stadium Yokohama|Yokohama
2002-06-11 20:30|Cameroon|Germany|0|2|E|Shizuoka Stadium Ecopa|Shizuoka
2002-06-11 15:30|Senegal|Uruguay|3|3|A|Suwon World Cup Stadium|Suwon
2002-06-11 15:30|Denmark|France|2|0|A|Incheon Football Stadium|Incheon
2002-06-10 20:30|Portugal|Poland|4|0|D|Jeonju World Cup Stadium|Jeonju
2002-06-10 18:00|Tunisia|Belgium|1|1|H|Oita Stadium Big Eye|Oita
2002-06-10 15:30|Korea Republic|USA|1|1|D|Daegu World Cup Stadium|Daegu
2002-06-09 20:30|Japan|Russia|1|0|H|International Stadium Yokohama|Yokohama
2002-06-09 18:00|Costa Rica|Turkey|1|1|C|Incheon Football Stadium|Incheon
2002-06-09 15:30|Mexico|Ecuador|2|1|G|Miyagi Stadium|Rifu
2002-06-08 20:30|Brazil|China PR|4|0|C|Jeju World Cup Stadium|Jeju
2002-06-08 18:00|Italy|Croatia|1|2|G|Kashima Stadium|Ibaraki
2002-06-08 15:30|South Africa|Slovenia|1|0|B|Daegu World Cup Stadium|Daegu
2002-06-07 20:30|Argentina|England|0|1|F|Sapporo Dome|Sapporo
2002-06-07 18:00|Spain|Paraguay|3|1|B|Jeonju World Cup Stadium|Jeonju
2002-06-07 15:30|Sweden|Nigeria|2|1|F|Kobe Wing Stadium|Kobe
2002-06-06 20:30|France|Uruguay|0|0|A|Busan Asiad Main Stadium|Busan
2002-06-06 18:00|Cameroon|Saudi Arabia|1|0|E|Saitama Stadium 2002|Saitama
2002-06-06 15:30|Denmark|Senegal|1|1|A|Daegu World Cup Stadium|Daegu
2002-06-05 20:30|Germany|Republic of Ireland|1|1|E|Kashima Stadium|Ibaraki
2002-06-05 18:00|USA|Portugal|3|2|D|Suwon World Cup Stadium|Suwon
2002-06-05 15:30|Russia|Tunisia|2|0|H|Kobe Wing Stadium|Kobe
2002-06-04 20:30|Korea Republic|Poland|2|0|D|Busan Asiad Main Stadium|Busan
2002-06-04 18:00|Japan|Belgium|2|2|H|Saitama Stadium 2002|Saitama
2002-06-04 15:30|China PR|Costa Rica|0|2|C|Gwangju World Cup Stadium|Gwangju
2002-06-03 20:30|Italy|Ecuador|2|0|G|Sapporo Dome|Sapporo
2002-06-03 18:00|Brazil|Turkey|2|1|C|Munsu Football Stadium|Ulsan
2002-06-03 15:30|Croatia|Mexico|0|1|G|Niigata Stadium Big Swan|Niigata
2002-06-02 20:30|Spain|Slovenia|3|1|B|Gwangju World Cup Stadium|Gwangju
2002-06-02 18:30|England|Sweden|1|1|F|Saitama Stadium 2002|Saitama
2002-06-02 16:30|Paraguay|South Africa|2|2|B|Busan Asiad Main Stadium|Busan
2002-06-02 14:30|Argentina|Nigeria|1|0|F|Kashima Stadium|Ibaraki
2002-06-01 20:30|Germany|Saudi Arabia|8|0|E|Sapporo Dome|Sapporo
2002-06-01 18:00|Uruguay|Denmark|1|2|A|Munsu Football Stadium|Ulsan
2002-06-01 15:30|Republic of Ireland|Cameroon|1|1|E|Niigata Stadium Big Swan|Niigata
2002-05-31 20:30|France|Senegal|0|1|A|Seoul World Cup Stadium|Seoul
1998-07-12 21:00|Brazil|France|0|3|Final|Stade de France|Saint-Denis
1998-07-11 21:00|Netherlands|Croatia|1|2|Third|Parc des Princes|Paris
1998-07-08 21:00|France|Croatia|2|1|Semi|Stade de France|Saint-Denis
1998-07-07 21:00|Brazil|Netherlands|1|1|Semi|Stade Vélodrome|Marseilles
1998-07-04 21:00|Germany|Croatia|0|3|Quarter|Stade de Gerland|Lyon
1998-07-04 16:30|Netherlands|Argentina|2|1|Quarter|Stade Vélodrome|Marseilles
1998-07-03 21:00|Brazil|Denmark|3|2|Quarter|La Beaujoire|Nantes
1998-07-03 16:30|Italy|France|0|0|Quarter|Stade de France|Saint-Denis
1998-06-30 21:00|Argentina|England|2|2|Knock|Stade Geoffroy Guichard|Saint-Etienne
1998-06-30 16:30|Romania|Croatia|0|1|Knock|Stade du Parc Lescure|Bordeaux
1998-06-29 21:00|Netherlands|Yugoslavia|2|1|Knock|Stade Municipal|Toulouse
1998-06-29 16:30|Germany|Mexico|2|1|Knock|La Mosson|Montpellier
1998-06-28 21:00|Nigeria|Denmark|1|4|Knock|Stade de France|Saint-Denis
1998-06-28 16:30|France|Paraguay|1|0|Knock|Stade Felix Bollaert|Lens
1998-06-27 21:00|Brazil|Chile|4|1|Knock|Parc des Princes|Paris
1998-06-27 16:30|Italy|Norway|1|0|Knock|Stade Vélodrome|Marseilles
1998-06-26 21:00|Romania|Tunisia|1|1|G|Stade de France|Saint-Denis
1998-06-26 21:00|Colombia|England|0|2|G|Stade Felix Bollaert|Lens
1998-06-26 16:00|Japan|Jamaica|1|2|H|Stade de Gerland|Lyon
1998-06-26 16:00|Argentina|Croatia|1|0|H|Stade du Parc Lescure|Bordeaux
1998-06-25 21:00|USA|Yugoslavia|0|1|F|La Beaujoire|Nantes
1998-06-25 21:00|Germany|Iran|2|0|F|La Mosson|Montpellier
1998-06-25 16:00|Netherlands|Mexico|2|2|E|Stade Geoffroy Guichard|Saint-Etienne
1998-06-25 16:00|Belgium|Korea Republic|1|1|E|Parc des Princes|Paris
1998-06-24 21:00|Spain|Bulgaria|6|1|D|Stade Felix Bollaert|Lens
1998-06-24 21:00|Nigeria|Paraguay|1|3|D|Stade Municipal|Toulouse
1998-06-24 16:00|South Africa|Saudi Arabia|2|2|C|Stade du Parc Lescure|Bordeaux
1998-06-24 16:00|France|Denmark|2|1|C|Stade de Gerland|Lyon
1998-06-23 21:00|Scotland|Morocco|0|3|A|Stade Geoffroy Guichard|Saint-Etienne
1998-06-23 21:00|Brazil|Norway|1|2|A|Stade Vélodrome|Marseilles
1998-06-23 16:00|Italy|Austria|2|1|B|Stade de France|Saint-Denis
1998-06-23 16:00|Chile|Cameroon|1|1|B|La Beaujoire|Nantes
1998-06-22 21:00|Romania|England|2|1|G|Stade Municipal|Toulouse
1998-06-22 17:30|Colombia|Tunisia|1|0|G|La Mosson|Montpellier
1998-06-21 21:00|USA|Iran|1|2|F|Stade de Gerland|Lyon
1998-06-21 17:30|Argentina|Jamaica|5|0|H|Parc des Princes|Paris
1998-06-21 14:30|Germany|Yugoslavia|2|2|F|Stade Felix Bollaert|Lens
1998-06-20 21:00|Netherlands|Korea Republic|5|0|E|Stade Vélodrome|Marseilles
1998-06-20 17:30|Belgium|Mexico|2|2|E|Stade du Parc Lescure|Bordeaux
1998-06-20 14:30|Japan|Croatia|0|1|H|La Beaujoire|Nantes
1998-06-19 21:00|Spain|Paraguay|0|0|D|Stade Geoffroy Guichard|Saint-Etienne
1998-06-19 17:30|Nigeria|Bulgaria|1|0|D|Parc des Princes|Paris
1998-06-18 21:00|France|Saudi Arabia|4|0|C|Stade de France|Saint-Denis
1998-06-18 17:30|South Africa|Denmark|1|1|C|Stade Municipal|Toulouse
1998-06-17 21:00|Italy|Cameroon|3|0|B|La Mosson|Montpellier
1998-06-17 17:30|Chile|Austria|1|1|B|Stade Geoffroy Guichard|Saint-Etienne
1998-06-16 21:00|Brazil|Morocco|3|0|A|La Beaujoire|Nantes
1998-06-16 17:30|Scotland|Norway|1|1|A|Stade du Parc Lescure|Bordeaux
1998-06-15 21:00|Germany|USA|2|0|F|Parc des Princes|Paris
1998-06-15 17:30|Romania|Colombia|1|0|G|Stade de Gerland|Lyon
1998-06-15 14:30|England|Tunisia|2|0|G|Stade Vélodrome|Marseilles
1998-06-14 21:00|Jamaica|Croatia|1|3|H|Stade Felix Bollaert|Lens
1998-06-14 17:30|Yugoslavia|Iran|1|0|F|Stade Geoffroy Guichard|Saint-Etienne
1998-06-14 14:30|Argentina|Japan|1|0|H|Stade Municipal|Toulouse
1998-06-13 21:00|Netherlands|Belgium|0|0|E|Stade de France|Saint-Denis
1998-06-13 17:30|Korea Republic|Mexico|1|3|E|Stade de Gerland|Lyon
1998-06-13 14:30|Spain|Nigeria|2|3|D|La Beaujoire|Nantes
1998-06-12 21:00|France|South Africa|3|0|C|Stade Vélodrome|Marseilles
1998-06-12 17:30|Saudi Arabia|Denmark|0|1|C|Stade Felix Bollaert|Lens
1998-06-12 14:30|Paraguay|Bulgaria|0|0|D|La Mosson|Montpellier
1998-06-11 21:00|Cameroon|Austria|1|1|B|Stade Municipal|Toulouse
1998-06-11 17:30|Italy|Chile|2|2|B|Stade du Parc Lescure|Bordeaux
1998-06-10 21:00|Morocco|Norway|2|2|A|La Mosson|Montpellier
1998-06-10 17:30|Brazil|Scotland|2|1|A|Stade de France|Saint-Denis
1994-07-17 12:30|Brazil|Italy|0|0|Final|Rose Bowl|Los Angeles
1994-07-16 12:30|Sweden|Bulgaria|4|0|Third|Rose Bowl|Los Angeles
1994-07-13 16:30|Sweden|Brazil|0|1|Semi|Rose Bowl|Los Angeles
1994-07-13 16:00|Bulgaria|Italy|1|2|Semi|Giants Stadium|New York/New Jersey
1994-07-10 12:30|Romania|Sweden|2|2|Quarter|Stanford Stadium|San Francisco
1994-07-10 12:00|Bulgaria|Germany|2|1|Quarter|Giants Stadium|New York/New Jersey
1994-07-09 14:30|Netherlands|Brazil|2|3|Quarter|Cotton Bowl|Dallas
1994-07-09 12:00|Italy|Spain|2|1|Quarter|Foxboro Stadium|Boston
1994-07-05 16:30|Mexico|Bulgaria|1|1|Knock|Giants Stadium|New York/New Jersey
1994-07-05 13:00|Nigeria|Italy|1|2|Knock|Foxboro Stadium|Boston
1994-07-04 12:30|Brazil|USA|1|0|Knock|Stanford Stadium|San Francisco
1994-07-04 12:00|Netherlands|Republic of Ireland|2|0|Knock|Citrus Bowl|Orlando
1994-07-03 13:30|Romania|Argentina|3|2|Knock|Rose Bowl|Los Angeles
1994-07-03 12:00|Saudi Arabia|Sweden|1|3|Knock|Cotton Bowl|Dallas
1994-07-02 16:30|Spain|Switzerland|3|0|Knock|RFK Stadium|Washington Dc
1994-07-02 12:00|Germany|Belgium|3|2|Knock|Soldier Field|Chicago
1994-06-30 19:30|Greece|Nigeria|0|2|D|Foxboro Stadium|Boston
1994-06-30 19:30|Argentina|Bulgaria|0|2|D|Cotton Bowl|Dallas
1994-06-29 12:30|Morocco|Netherlands|1|2|F|Citrus Bowl|Orlando
1994-06-29 12:30|Belgium|Saudi Arabia|0|1|F|RFK Stadium|Washington Dc
1994-06-28 16:00|Russia|Cameroon|6|1|B|Stanford Stadium|San Francisco
1994-06-28 16:00|Brazil|Sweden|1|1|B|Pontiac Silverdome|Detroit
1994-06-28 12:30|Republic of Ireland|Norway|0|0|E|Giants Stadium|New York/New Jersey
1994-06-28 12:30|Italy|Mexico|1|1|E|RFK Stadium|Washington Dc
1994-06-27 16:00|Germany|Korea Republic|3|2|C|Cotton Bowl|Dallas
1994-06-27 16:00|Bolivia|Spain|1|3|C|Soldier Field|Chicago
1994-06-26 16:00|USA|Romania|0|1|A|Rose Bowl|Los Angeles
1994-06-26 16:00|Switzerland|Colombia|0|2|A|Stanford Stadium|San Francisco
1994-06-26 12:30|Bulgaria|Greece|4|0|D|Soldier Field|Chicago
1994-06-25 16:00|Argentina|Nigeria|2|1|D|Foxboro Stadium|Boston
1994-06-25 12:30|Saudi Arabia|Morocco|2|1|F|Giants Stadium|New York/New Jersey
1994-06-25 12:30|Belgium|Netherlands|1|0|F|Citrus Bowl|Orlando
1994-06-24 19:30|Sweden|Russia|3|1|B|Pontiac Silverdome|Detroit
1994-06-24 16:00|Brazil|Cameroon|3|0|B|Stanford Stadium|San Francisco
1994-06-24 12:30|Mexico|Republic of Ireland|2|1|E|Citrus Bowl|Orlando
1994-06-23 19:30|Korea Republic|Bolivia|0|0|C|Foxboro Stadium|Boston
1994-06-23 16:00|Italy|Norway|1|0|E|Giants Stadium|New York/New Jersey
1994-06-22 19:30|USA|Colombia|2|1|A|Rose Bowl|Los Angeles
1994-06-22 16:00|Romania|Switzerland|1|4|A|Pontiac Silverdome|Detroit
1994-06-21 19:30|Nigeria|Bulgaria|3|0|D|Cotton Bowl|Dallas
1994-06-21 16:00|Germany|Spain|1|1|C|Soldier Field|Chicago
1994-06-21 12:30|Argentina|Greece|4|0|D|Foxboro Stadium|Boston
1994-06-20 19:30|Netherlands|Saudi Arabia|2|1|F|RFK Stadium|Washington Dc
1994-06-20 16:00|Brazil|Russia|2|0|B|Stanford Stadium|San Francisco
1994-06-19 19:30|Cameroon|Sweden|2|2|B|Rose Bowl|Los Angeles
1994-06-19 16:00|Norway|Mexico|1|0|E|RFK Stadium|Washington Dc
1994-06-19 12:30|Belgium|Morocco|1|0|F|Citrus Bowl|Orlando
1994-06-18 19:30|Colombia|Romania|1|3|A|Rose Bowl|Los Angeles
1994-06-18 16:00|Italy|Republic of Ireland|0|1|E|Giants Stadium|New York/New Jersey
1994-06-18 11:30|USA|Switzerland|1|1|A|Pontiac Silverdome|Detroit
1994-06-17 19:30|Spain|Korea Republic|2|2|C|Cotton Bowl|Dallas
1994-06-17 15:00|Germany|Bolivia|1|0|C|Soldier Field|Chicago
1990-07-08 20:00|Germany FR|Argentina|1|0|Final|Stadio Olimpico|Rome
1990-07-07 20:00|Italy|England|2|1|Third|Stadio San Nicola|Bari
1990-07-04 20:00|Germany FR|England|1|1|Semi|Stadio delle Alpi|Turin
1990-07-03 20:00|Italy|Argentina|1|1|Semi|San Paolo|Naples
1990-07-01 21:00|England|Cameroon|3|2|Quarter|San Paolo|Naples
1990-07-01 17:00|Germany FR|Czechoslovakia|1|0|Quarter|Stadio Giuseppe Meazza|Milan
1990-06-30 21:00|Italy|Republic of Ireland|1|0|Quarter|Stadio Olimpico|Rome
1990-06-30 17:00|Yugoslavia|Argentina|0|0|Quarter|Comunale|Florence
1990-06-26 21:00|England|Belgium|1|0|Knock|Renato Dall Ara|Bologna
1990-06-26 17:00|Spain|Yugoslavia|1|2|Knock|Marc Antonio Bentegodi|Verona
1990-06-25 21:00|Italy|Uruguay|2|0|Knock|Stadio Olimpico|Rome
1990-06-25 17:00|Republic of Ireland|Romania|0|0|Knock|Luigi Ferraris|Genoa
1990-06-24 21:00|Germany FR|Netherlands|2|1|Knock|Stadio Giuseppe Meazza|Milan
1990-06-24 17:00|Brazil|Argentina|0|1|Knock|Stadio delle Alpi|Turin
1990-06-23 21:00|Czechoslovakia|Costa Rica|4|1|Knock|Stadio San Nicola|Bari
1990-06-23 17:00|Cameroon|Colombia|2|1|Knock|San Paolo|Naples
1990-06-21 21:00|Republic of Ireland|Netherlands|1|1|F|Della Favorita|Palermo
1990-06-21 21:00|England|Egypt|1|0|F|Sant Elia|Cagliari
1990-06-21 17:00|Korea Republic|Uruguay|0|1|E|Dacia Arena|Udine
1990-06-21 17:00|Belgium|Spain|1|2|E|Marc Antonio Bentegodi|Verona
1990-06-20 21:00|Sweden|Costa Rica|1|2|C|Luigi Ferraris|Genoa
1990-06-20 21:00|Brazil|Scotland|1|0|C|Stadio delle Alpi|Turin
1990-06-19 21:00|Italy|Czechoslovakia|2|0|A|Stadio Olimpico|Rome
1990-06-19 21:00|Austria|USA|2|1|A|Comunale|Florence
1990-06-19 17:00|Yugoslavia|United Arab Emirates|4|1|D|Renato Dall Ara|Bologna
1990-06-19 17:00|Germany FR|Colombia|1|1|D|Stadio Giuseppe Meazza|Milan
1990-06-18 21:00|Cameroon|Soviet Union|0|4|B|Stadio San Nicola|Bari
1990-06-18 21:00|Argentina|Romania|1|1|B|San Paolo|Naples
1990-06-17 21:00|Korea Republic|Spain|1|3|E|Dacia Arena|Udine
1990-06-17 21:00|Belgium|Uruguay|3|1|E|Marc Antonio Bentegodi|Verona
1990-06-17 17:00|Republic of Ireland|Egypt|0|0|F|Della Favorita|Palermo
1990-06-16 21:00|Sweden|Scotland|1|2|C|Luigi Ferraris|Genoa
1990-06-16 21:00|England|Netherlands|0|0|F|Sant Elia|Cagliari
1990-06-16 17:00|Brazil|Costa Rica|1|0|C|Stadio delle Alpi|Turin
1990-06-15 21:00|Germany FR|United Arab Emirates|5|1|D|Stadio Giuseppe Meazza|Milan
1990-06-15 17:00|Austria|Czechoslovakia|0|1|A|Comunale|Florence
1990-06-14 21:00|Italy|USA|1|0|A|Stadio Olimpico|Rome
1990-06-14 17:00|Yugoslavia|Colombia|1|0|D|Renato Dall Ara|Bologna
1990-06-14 17:00|Cameroon|Romania|2|1|B|Stadio San Nicola|Bari
1990-06-13 21:00|Argentina|Soviet Union|2|0|B|San Paolo|Naples
1990-06-13 17:00|Uruguay|Spain|0|0|E|Dacia Arena|Udine
1990-06-12 21:00|Netherlands|Egypt|1|1|F|Della Favorita|Palermo
1990-06-12 17:00|Belgium|Korea Republic|2|0|E|Marc Antonio Bentegodi|Verona
1990-06-11 21:00|England|Republic of Ireland|1|1|F|Sant Elia|Cagliari
1990-06-11 17:00|Costa Rica|Scotland|1|0|C|Luigi Ferraris|Genoa
1990-06-10 21:00|Germany FR|Yugoslavia|4|1|D|Giuseppe Meazza|Milan
1990-06-10 21:00|Brazil|Sweden|2|1|C|Stadio delle Alpi|Turin
1990-06-10 17:00|USA|Czechoslovakia|1|5|A|Comunale|Florence
1990-06-09 21:00|Italy|Austria|1|0|A|Stadio Olimpico|Rome
1990-06-09 17:00|United Arab Emirates|Colombia|0|2|D|Renato Dall Ara|Bologna
1990-06-09 17:00|Soviet Union|Romania|0|2|B|Stadio San Nicola|Bari
1990-06-08 18:00|Argentina|Cameroon|0|1|B|Stadio Giuseppe Meazza|Milan
1986-06-29 12:00|Argentina|Germany FR|3|2|Final|Estadio Azteca|Mexico City
1986-06-28 12:00|France|Belgium|4|2|Third|Cuauhtemoc|Puebla
1986-06-25 16:00|Argentina|Belgium|2|0|Semi|Estadio Azteca|Mexico City
1986-06-25 12:00|France|Germany FR|0|2|Semi|Jalisco|Guadalajara
1986-06-22 16:00|Spain|Belgium|1|1|Quarter|Cuauhtemoc|Puebla
1986-06-22 12:00|Argentina|England|2|1|Quarter|Estadio Azteca|Mexico City
1986-06-21 16:00|Germany FR|Mexico|0|0|Quarter|Estadio Universitario|Monterrey
1986-06-21 12:00|Brazil|France|1|1|Quarter|Jalisco|Guadalajara
1986-06-18 16:00|Denmark|Spain|1|5|Knock|Estadio Corregidora|Queretaro
1986-06-18 12:00|England|Paraguay|3|0|Knock|Estadio Azteca|Mexico City
1986-06-17 16:00|Morocco|Germany FR|0|1|Knock|Estadio Universitario|Monterrey
1986-06-17 12:00|Italy|France|0|2|Knock|Estadio Olímpico Universitario|Mexico City
1986-06-16 16:00|Argentina|Uruguay|1|0|Knock|Cuauhtemoc|Puebla
1986-06-16 12:00|Brazil|Poland|4|0|Knock|Jalisco|Guadalajara
1986-06-15 16:00|Soviet Union|Belgium|3|4|Knock|Nou Camp - Estadio León|Leon
1986-06-15 12:00|Mexico|Bulgaria|2|0|Knock|Estadio Azteca|Mexico City
1986-06-13 12:00|Scotland|Uruguay|0|0|E|Neza|Nezahualcoyotl
1986-06-13 12:00|Denmark|Germany FR|2|0|E|Estadio Corregidora|Queretaro
1986-06-12 12:00|Northern Ireland|Brazil|0|3|D|Jalisco|Guadalajara
1986-06-12 12:00|Algeria|Spain|0|3|D|Tecnologico|Monterrey
1986-06-11 16:00|Portugal|Morocco|1|3|F|Tres de Marzo|Guadalajara
1986-06-11 16:00|England|Poland|3|0|F|Tecnologico|Monterrey
1986-06-11 12:00|Paraguay|Belgium|2|2|B|Bombonera - Estadio Nemesio Diez|Toluca
1986-06-11 12:00|Iraq|Mexico|0|1|B|Estadio Azteca|Mexico City
1986-06-10 12:00|Korea Republic|Italy|2|3|A|Cuauhtemoc|Puebla
1986-06-10 12:00|Argentina|Bulgaria|2|0|A|Estadio Olímpico Universitario|Mexico City
1986-06-09 12:00|Soviet Union|Canada|2|0|C|Estadio Irapuato|Irapuato
1986-06-09 12:00|Hungary|France|0|3|C|Nou Camp - Estadio León|Leon
1986-06-08 16:00|Denmark|Uruguay|6|1|E|Neza|Nezahualcoyotl
1986-06-08 12:00|Iraq|Belgium|1|2|B|Bombonera - Estadio Nemesio Diez|Toluca
1986-06-08 12:00|Germany FR|Scotland|2|1|E|Estadio Corregidora|Queretaro
1986-06-07 16:00|Poland|Portugal|1|0|F|Estadio Universitario|Monterrey
1986-06-07 12:00|Northern Ireland|Spain|1|2|D|Tres de Marzo|Guadalajara
1986-06-07 12:00|Mexico|Paraguay|1|1|B|Estadio Azteca|Mexico City
1986-06-06 16:00|England|Morocco|0|0|F|Tecnologico|Monterrey
1986-06-06 12:00|Hungary|Canada|2|0|C|Estadio Irapuato|Irapuato
1986-06-06 12:00|Brazil|Algeria|1|0|D|Jalisco|Guadalajara
1986-06-05 16:00|Korea Republic|Bulgaria|1|1|A|Estadio Olímpico Universitario|Mexico City
1986-06-05 12:00|Italy|Argentina|1|1|A|Cuauhtemoc|Puebla
1986-06-05 12:00|France|Soviet Union|1|1|C|Nou Camp - Estadio León|Leon
1986-06-04 16:00|Scotland|Denmark|0|1|E|Neza|Nezahualcoyotl
1986-06-04 12:00|Uruguay|Germany FR|1|1|E|Estadio Corregidora|Queretaro
1986-06-04 12:00|Paraguay|Iraq|1|0|B|Bombonera - Estadio Nemesio Diez|Toluca
1986-06-03 16:00|Portugal|England|1|0|F|Tecnologico|Monterrey
1986-06-03 12:00|Belgium|Mexico|1|2|B|Estadio Azteca|Mexico City
1986-06-03 12:00|Algeria|Northern Ireland|1|1|D|Tres de Marzo|Guadalajara
1986-06-02 16:00|Morocco|Poland|0|0|F|Estadio Universitario|Monterrey
1986-06-02 12:00|Soviet Union|Hungary|6|0|C|Estadio Irapuato|Irapuato
1986-06-02 12:00|Argentina|Korea Republic|3|1|A|Estadio Olímpico Universitario|Mexico City
1986-06-01 16:00|Canada|France|0|1|C|Nou Camp - Estadio León|Leon
1986-06-01 12:00|Spain|Brazil|0|1|D|Jalisco|Guadalajara
1986-05-31 12:00|Bulgaria|Italy|1|1|A|Estadio Azteca|Mexico City
1982-07-11 20:00|Italy|Germany FR|3|1|Final|Santiago Bernabeu|Madrid
1982-07-10 20:00|Poland|France|3|2|Third|Jose Rico Perez|Alicante
1982-07-08 21:00|Germany FR|France|3|3|Semi|Ramon Sanchez Pizjuan|Seville
1982-07-08 17:15|Poland|Italy|0|2|Semi|Camp Nou|Barcelona
1982-07-05 21:00|Spain|England|0|0|B|Santiago Bernabeu|Madrid
1982-07-05 17:15|Italy|Brazil|3|2|C|Sarria|Barcelona
1982-07-04 21:00|Poland|Soviet Union|0|0|A|Camp Nou|Barcelona
1982-07-04 17:15|France|Northern Ireland|4|1|D|Vicente Calderon|Madrid
1982-07-02 21:00|Germany FR|Spain|2|1|B|Santiago Bernabeu|Madrid
1982-07-02 17:15|Argentina|Brazil|1|3|C|Sarria|Barcelona
1982-07-01 21:00|Belgium|Soviet Union|0|1|A|Camp Nou|Barcelona
1982-07-01 17:15|Austria|Northern Ireland|2|2|D|Vicente Calderon|Madrid
1982-06-29 21:00|Germany FR|England|0|0|B|Santiago Bernabeu|Madrid
1982-06-29 17:15|Italy|Argentina|2|1|C|Sarria|Barcelona
1982-06-28 21:00|Poland|Belgium|3|0|A|Camp Nou|Barcelona
1982-06-28 17:15|Austria|France|0|1|D|Vicente Calderon|Madrid
1982-06-25 21:00|Northern Ireland|Spain|1|0|E|Luis Casanova|Valencia
1982-06-25 17:15|Germany FR|Austria|1|0|B|El Molinon|Gijon
1982-06-25 17:15|England|Kuwait|1|0|D|San Mames|Bilbao
1982-06-24 21:00|Honduras|Yugoslavia|0|1|E|La Romareda|Zaragoza
1982-06-24 17:15|France|Czechoslovakia|1|1|D|Jose Zorrilla|Valladolid
1982-06-24 17:15|Algeria|Chile|3|2|B|Carlos Tartiere|Oviedo
1982-06-23 21:00|Brazil|New Zealand|4|0|F|Benito Villamarin|Seville
1982-06-23 21:00|Argentina|El Salvador|2|0|C|Jose Rico Perez|Alicante
1982-06-23 17:15|Italy|Cameroon|1|1|A|Estadio Municipal de Balaídos|Vigo
1982-06-22 21:00|Soviet Union|Scotland|2|2|F|La Rosaleda|Malaga
1982-06-22 21:00|Belgium|Hungary|1|1|C|Nuevo Estadio|Elche
1982-06-22 17:15|Poland|Peru|5|1|A|Riazor|La CoruñA
1982-06-21 21:00|Honduras|Northern Ireland|1|1|E|La Romareda|Zaragoza
1982-06-21 17:15|France|Kuwait|4|1|D|Jose Zorrilla|Valladolid
1982-06-21 17:15|Algeria|Austria|0|2|B|Carlos Tartiere|Oviedo
1982-06-20 21:00|Spain|Yugoslavia|2|1|E|Luis Casanova|Valencia
1982-06-20 17:15|Germany FR|Chile|4|1|B|El Molinon|Gijon
1982-06-20 17:15|England|Czechoslovakia|2|0|D|San Mames|Bilbao
1982-06-19 21:00|Soviet Union|New Zealand|3|0|F|La Rosaleda|Malaga
1982-06-19 21:00|Belgium|El Salvador|1|0|C|Nuevo Estadio|Elche
1982-06-19 19:15|Poland|Cameroon|0|0|A|Riazor|La CoruñA
1982-06-18 21:00|Brazil|Scotland|4|1|F|Benito Villamarin|Seville
1982-06-18 21:00|Argentina|Hungary|4|1|C|Jose Rico Perez|Alicante
1982-06-18 17:15|Italy|Peru|1|1|A|Estadio Municipal de Balaídos|Vigo
1982-06-17 21:00|Yugoslavia|Northern Ireland|0|0|E|La Romareda|Zaragoza
1982-06-17 17:45|Czechoslovakia|Kuwait|1|1|D|Jose Zorrilla|Valladolid
1982-06-17 17:15|Chile|Austria|0|1|B|Carlos Tartiere|Oviedo
1982-06-16 21:00|Spain|Honduras|1|1|E|Luis Casanova|Valencia
1982-06-16 17:15|Germany FR|Algeria|1|2|B|El Molinon|Gijon
1982-06-16 17:15|England|France|3|1|D|San Mames|Bilbao
1982-06-15 21:00|Scotland|New Zealand|5|2|F|La Rosaleda|Malaga
1982-06-15 21:00|Hungary|El Salvador|10|1|C|Nuevo Estadio|Elche
1982-06-15 17:15|Peru|Cameroon|0|0|A|Riazor|La CoruñA
1982-06-14 21:00|Brazil|Soviet Union|2|1|F|Ramon Sanchez Pizjuan|Seville
1982-06-14 17:15|Italy|Poland|0|0|A|Estadio Municipal de Balaídos|Vigo
1982-06-13 20:00|Argentina|Belgium|0|1|C|Camp Nou|Barcelona
1978-06-25 15:00|Argentina|Netherlands|3|1|Final|El Monumental - Estadio Monumental Antonio Vespuci|Buenos Aires
1978-06-24 15:00|Brazil|Italy|2|1|Third|El Monumental - Estadio Monumental Antonio Vespuci|Buenos Aires
1978-06-21 19:15|Argentina|Peru|6|0|B|Arroyito - Estadio Dr. Lisandro de la Torre|Rosario
1978-06-21 16:45|Brazil|Poland|3|1|B|San Martin|Mendoza
1978-06-21 13:45|Netherlands|Italy|2|1|A|El Monumental - Estadio Monumental Antonio Vespuci|Buenos Aires
1978-06-21 13:45|Austria|Germany FR|3|2|A|Estadio Olímpico Chateau Carreras|Cordoba
1978-06-18 19:15|Argentina|Brazil|0|0|B|Arroyito - Estadio Dr. Lisandro de la Torre|Rosario
1978-06-18 16:45|Italy|Austria|1|0|A|El Monumental - Estadio Monumental Antonio Vespuci|Buenos Aires
1978-06-18 16:45|Germany FR|Netherlands|2|2|A|Estadio Olímpico Chateau Carreras|Cordoba
1978-06-18 13:45|Poland|Peru|1|0|B|San Martin|Mendoza
1978-06-14 19:15|Argentina|Poland|2|0|B|Arroyito - Estadio Dr. Lisandro de la Torre|Rosario
1978-06-14 16:45|Brazil|Peru|3|0|B|San Martin|Mendoza
1978-06-14 13:45|Netherlands|Austria|5|1|A|Estadio Olímpico Chateau Carreras|Cordoba
1978-06-14 13:45|Germany FR|Italy|0|0|A|El Monumental - Estadio Monumental Antonio Vespuci|Buenos Aires
1978-06-11 16:45|Scotland|Netherlands|3|2|D|San Martin|Mendoza
1978-06-11 16:45|Peru|Iran|4|1|D|Estadio Olímpico Chateau Carreras|Cordoba
1978-06-11 13:45|Spain|Sweden|1|0|C|Jose Amalfitani|Buenos Aires
1978-06-11 13:45|Brazil|Austria|1|0|C|Estadio José María Minella|Mar Del Plata
1978-06-10 19:15|Italy|Argentina|1|0|A|El Monumental - Estadio Monumental Antonio Vespuci|Buenos Aires
1978-06-10 16:45|Poland|Mexico|3|1|B|Arroyito - Estadio Dr. Lisandro de la Torre|Rosario
1978-06-10 16:45|Germany FR|Tunisia|0|0|B|Estadio Olímpico Chateau Carreras|Cordoba
1978-06-10 15:10|France|Hungary|3|1|A|Estadio José María Minella|Mar Del Plata
1978-06-07 16:45|Scotland|Iran|1|1|D|Estadio Olímpico Chateau Carreras|Cordoba
1978-06-07 16:45|Netherlands|Peru|0|0|D|San Martin|Mendoza
1978-06-07 13:45|Brazil|Spain|0|0|C|Estadio José María Minella|Mar Del Plata
1978-06-07 13:45|Austria|Sweden|1|0|C|Jose Amalfitani|Buenos Aires
1978-06-06 19:15|Argentina|France|2|1|A|El Monumental - Estadio Monumental Antonio Vespuci|Buenos Aires
1978-06-06 16:45|Poland|Tunisia|1|0|B|Arroyito - Estadio Dr. Lisandro de la Torre|Rosario
1978-06-06 16:45|Germany FR|Mexico|6|0|B|Estadio Olímpico Chateau Carreras|Cordoba
1978-06-06 13:45|Italy|Hungary|3|1|A|Estadio José María Minella|Mar Del Plata
1978-06-03 16:45|Peru|Scotland|3|1|D|Estadio Olímpico Chateau Carreras|Cordoba
1978-06-03 16:45|Netherlands|Iran|3|0|D|San Martin|Mendoza
1978-06-03 13:45|Sweden|Brazil|1|1|C|Estadio José María Minella|Mar Del Plata
1978-06-03 13:45|Austria|Spain|2|1|C|Jose Amalfitani|Buenos Aires
1978-06-02 19:15|Argentina|Hungary|2|1|A|El Monumental - Estadio Monumental Antonio Vespuci|Buenos Aires
1978-06-02 16:45|Tunisia|Mexico|3|1|B|Arroyito - Estadio Dr. Lisandro de la Torre|Rosario
1978-06-02 13:45|Italy|France|2|1|A|Estadio José María Minella|Mar Del Plata
1978-06-01 15:00|Germany FR|Poland|0|0|B|El Monumental - Estadio Monumental Antonio Vespuci|Buenos Aires
1974-07-07 16:00|Netherlands|Germany FR|1|2|Final|Olympiastadion|Munich
1974-07-06 16:00|Brazil|Poland|0|1|Third|Olympiastadion|Munich
1974-07-03 19:30|Sweden|Yugoslavia|2|1|B|Rheinstadion|DüSseldorf
1974-07-03 19:30|Netherlands|Brazil|2|0|A|Westfalenstadion|Dortmund
1974-07-03 19:30|Argentina|German DR|1|1|A|Parkstadion|Gelsenkirchen
1974-07-03 17:00|Poland|Germany FR|0|1|B|Waldstadion|Frankfurt/Main
1974-06-30 19:30|Germany FR|Sweden|4|2|B|Rheinstadion|DüSseldorf
1974-06-30 16:00|Poland|Yugoslavia|2|1|B|Waldstadion|Frankfurt/Main
1974-06-30 16:00|German DR|Netherlands|0|2|A|Parkstadion|Gelsenkirchen
1974-06-30 16:00|Argentina|Brazil|1|2|A|Niedersachsenstadion|Hanover
1974-06-26 19:30|Sweden|Poland|0|1|B|Neckarstadion|Stuttgart
1974-06-26 19:30|Netherlands|Argentina|4|0|A|Parkstadion|Gelsenkirchen
1974-06-26 19:30|Brazil|German DR|1|0|A|Niedersachsenstadion|Hanover
1974-06-26 16:00|Yugoslavia|Germany FR|0|2|B|Rheinstadion|DüSseldorf
1974-06-23 16:00|Sweden|Uruguay|3|0|C|Rheinstadion|DüSseldorf
1974-06-23 16:00|Poland|Italy|2|1|D|Neckarstadion|Stuttgart
1974-06-23 16:00|Bulgaria|Netherlands|1|4|C|Westfalenstadion|Dortmund
1974-06-23 16:00|Argentina|Haiti|4|1|D|Olympiastadion|Munich
1974-06-22 19:30|German DR|Germany FR|1|0|A|Volksparkstadion|Hamburg
1974-06-22 16:00|Zaire|Brazil|0|3|B|Parkstadion|Gelsenkirchen
1974-06-22 16:00|Scotland|Yugoslavia|1|1|B|Waldstadion|Frankfurt/Main
1974-06-22 16:00|Australia|Chile|0|0|A|Olympiastadion|Berlin West
1974-06-19 19:30|Netherlands|Sweden|0|0|C|Westfalenstadion|Dortmund
1974-06-19 19:30|Haiti|Poland|0|7|D|Olympiastadion|Munich
1974-06-19 19:30|Bulgaria|Uruguay|1|1|C|Niedersachsenstadion|Hanover
1974-06-19 19:30|Argentina|Italy|1|1|D|Neckarstadion|Stuttgart
1974-06-18 19:30|Yugoslavia|Zaire|9|0|B|Parkstadion|Gelsenkirchen
1974-06-18 19:30|Scotland|Brazil|0|0|B|Waldstadion|Frankfurt/Main
1974-06-18 19:30|Chile|German DR|1|1|A|Olympiastadion|Berlin West
1974-06-18 16:00|Australia|Germany FR|0|3|A|Volksparkstadion|Hamburg
1974-06-15 18:00|Poland|Argentina|3|2|D|Neckarstadion|Stuttgart
1974-06-15 18:00|Italy|Haiti|3|1|D|Olympiastadion|Munich
1974-06-15 16:00|Uruguay|Netherlands|0|2|C|Niedersachsenstadion|Hanover
1974-06-15 16:00|Sweden|Bulgaria|0|0|C|Rheinstadion|DüSseldorf
1974-06-14 19:30|Zaire|Scotland|0|2|B|Westfalenstadion|Dortmund
1974-06-14 19:30|German DR|Australia|2|0|A|Volksparkstadion|Hamburg
1974-06-14 16:00|Germany FR|Chile|1|0|A|Olympiastadion|Berlin West
1974-06-13 17:00|Brazil|Yugoslavia|0|0|B|Waldstadion|Frankfurt/Main
1970-06-21 12:00|Brazil|Italy|4|1|Final|Estadio Azteca|Mexico City
1970-06-20 16:00|Germany FR|Uruguay|1|0|Third|Estadio Azteca|Mexico City
1970-06-17 16:00|Italy|Germany FR|4|3|Semi|Estadio Azteca|Mexico City
1970-06-17 16:00|Brazil|Uruguay|3|1|Semi|Jalisco|Guadalajara
1970-06-14 12:00|Uruguay|Soviet Union|1|0|Quarter|Estadio Azteca|Mexico City
1970-06-14 12:00|Italy|Mexico|4|1|Quarter|Luis Dosal|Toluca
1970-06-14 12:00|Germany FR|England|3|2|Quarter|Nou Camp - Estadio León|Leon
1970-06-14 12:00|Brazil|Peru|4|2|Quarter|Jalisco|Guadalajara
1970-06-11 16:00|Mexico|Belgium|1|0|A|Estadio Azteca|Mexico City
1970-06-11 16:00|Italy|Israel|0|0|B|Luis Dosal|Toluca
1970-06-11 16:00|England|Czechoslovakia|1|0|C|Jalisco|Guadalajara
1970-06-11 16:00|Bulgaria|Morocco|1|1|D|Nou Camp - Estadio León|Leon
1970-06-10 16:00|Sweden|Uruguay|1|0|B|Cuauhtemoc|Puebla
1970-06-10 16:00|Soviet Union|El Salvador|2|0|A|Estadio Azteca|Mexico City
1970-06-10 16:00|Germany FR|Peru|3|1|D|Nou Camp - Estadio León|Leon
1970-06-10 16:00|Brazil|Romania|3|2|C|Jalisco|Guadalajara
1970-06-07 12:00|Sweden|Israel|1|1|B|Luis Dosal|Toluca
1970-06-07 12:00|Mexico|El Salvador|4|0|A|Estadio Azteca|Mexico City
1970-06-07 12:00|Germany FR|Bulgaria|5|2|D|Nou Camp - Estadio León|Leon
1970-06-07 12:00|Brazil|England|1|0|C|Jalisco|Guadalajara
1970-06-06 16:00|Uruguay|Italy|0|0|B|Cuauhtemoc|Puebla
1970-06-06 16:00|Soviet Union|Belgium|4|1|A|Estadio Azteca|Mexico City
1970-06-06 16:00|Romania|Czechoslovakia|2|1|C|Jalisco|Guadalajara
1970-06-06 16:00|Peru|Morocco|3|0|D|Nou Camp - Estadio León|Leon
1970-06-03 16:00|Italy|Sweden|1|0|B|Luis Dosal|Toluca
1970-06-03 16:00|Germany FR|Morocco|2|1|D|Nou Camp - Estadio León|Leon
1970-06-03 16:00|Brazil|Czechoslovakia|4|1|C|Jalisco|Guadalajara
1970-06-03 16:00|Belgium|El Salvador|3|0|A|Estadio Azteca|Mexico City
1970-06-02 16:00|Uruguay|Israel|2|0|B|Cuauhtemoc|Puebla
1970-06-02 16:00|Peru|Bulgaria|3|2|D|Nou Camp - Estadio León|Leon
1970-06-02 16:00|England|Romania|1|0|C|Jalisco|Guadalajara
1970-05-31 12:00|Mexico|Soviet Union|0|0|A|Estadio Azteca|Mexico City
1966-07-30 15:00|England|Germany FR|4|2|Final|Wembley Stadium|London
1966-07-28 19:30|Portugal|Soviet Union|2|1|Third|Wembley Stadium|London
1966-07-26 19:30|England|Portugal|2|1|Semi|Wembley Stadium|London
1966-07-25 19:30|Germany FR|Soviet Union|2|1|Semi|Goodison Park|Liverpool
1966-07-23 15:00|Soviet Union|Hungary|2|1|Quarter|Roker Park Ground|Sunderland
1966-07-23 15:00|Portugal|Korea DPR|5|3|Quarter|Goodison Park|Liverpool
1966-07-23 15:00|Germany FR|Uruguay|4|0|Quarter|Hillsborough|Sheffield
1966-07-23 15:00|England|Argentina|1|0|Quarter|Wembley Stadium|London
1966-07-20 19:30|Soviet Union|Chile|2|1|D|Roker Park Ground|Sunderland
1966-07-20 19:30|Hungary|Bulgaria|3|1|C|Old Trafford Stadium|Manchester
1966-07-20 19:30|Germany FR|Spain|2|1|B|Villa Park|Birmingham
1966-07-20 19:30|England|France|2|0|A|Wembley Stadium|London
1966-07-19 19:30|Portugal|Brazil|3|1|C|Goodison Park|Liverpool
1966-07-19 19:30|Korea DPR|Italy|1|0|D|Ayresome Park|Middlesbrough
1966-07-19 19:30|Argentina|Switzerland|2|0|B|Hillsborough|Sheffield
1966-07-19 16:30|Uruguay|Mexico|0|0|A|Wembley Stadium|London
1966-07-16 19:30|England|Mexico|2|0|A|Wembley Stadium|London
1966-07-16 15:00|Soviet Union|Italy|1|0|D|Roker Park Ground|Sunderland
1966-07-16 15:00|Portugal|Bulgaria|3|0|C|Old Trafford Stadium|Manchester
1966-07-16 15:00|Germany FR|Argentina|0|0|B|Villa Park|Birmingham
1966-07-15 19:30|Uruguay|France|2|1|A|White City|London
1966-07-15 19:30|Spain|Switzerland|2|1|B|Hillsborough|Sheffield
1966-07-15 19:30|Korea DPR|Chile|1|1|D|Ayresome Park|Middlesbrough
1966-07-15 19:30|Hungary|Brazil|3|1|C|Goodison Park|Liverpool
1966-07-13 19:30|Portugal|Hungary|3|1|C|Old Trafford Stadium|Manchester
1966-07-13 19:30|Italy|Chile|2|0|D|Roker Park Ground|Sunderland
1966-07-13 19:30|France|Mexico|1|1|A|Wembley Stadium|London
1966-07-13 19:30|Argentina|Spain|2|1|B|Villa Park|Birmingham
1966-07-12 19:30|Soviet Union|Korea DPR|3|0|D|Ayresome Park|Middlesbrough
1966-07-12 19:30|Germany FR|Switzerland|5|0|B|Hillsborough|Sheffield
1966-07-12 19:30|Brazil|Bulgaria|2|0|C|Goodison Park|Liverpool
1966-07-11 19:30|England|Uruguay|0|0|A|Wembley Stadium|London
1962-06-17 14:30|Brazil|Czechoslovakia|3|1|Final|Nacional|Santiago De Chile
1962-06-16 14:30|Chile|Yugoslavia|1|0|Third|Nacional|Santiago De Chile
1962-06-13 14:30|Czechoslovakia|Yugoslavia|3|1|Semi|Estadio Sausalito|Vina Del Mar
1962-06-13 14:30|Brazil|Chile|4|2|Semi|Nacional|Santiago De Chile
1962-06-10 14:30|Yugoslavia|Germany FR|1|0|Quarter|Nacional|Santiago De Chile
1962-06-10 14:30|Czechoslovakia|Hungary|1|0|Quarter|Estadio El Teniente-Codelco|Rancagua
1962-06-10 14:30|Chile|Soviet Union|2|1|Quarter|Carlos Dittborn|Arica
1962-06-10 14:30|Brazil|England|3|1|Quarter|Estadio Sausalito|Vina Del Mar
1962-06-07 15:00|Yugoslavia|Colombia|5|0|A|Carlos Dittborn|Arica
1962-06-07 15:00|Mexico|Czechoslovakia|3|1|C|Estadio Sausalito|Vina Del Mar
1962-06-07 15:00|Italy|Switzerland|3|0|B|Nacional|Santiago De Chile
1962-06-07 15:00|England|Bulgaria|0|0|D|Estadio El Teniente-Codelco|Rancagua
1962-06-06 15:00|Soviet Union|Uruguay|2|1|A|Carlos Dittborn|Arica
1962-06-06 15:00|Hungary|Argentina|0|0|D|Estadio El Teniente-Codelco|Rancagua
1962-06-06 15:00|Germany FR|Chile|2|0|B|Nacional|Santiago De Chile
1962-06-06 15:00|Brazil|Spain|2|1|C|Estadio Sausalito|Vina Del Mar
1962-06-03 15:00|Spain|Mexico|1|0|C|Estadio Sausalito|Vina Del Mar
1962-06-03 15:00|Soviet Union|Colombia|4|4|A|Carlos Dittborn|Arica
1962-06-03 15:00|Hungary|Bulgaria|6|1|D|Estadio El Teniente-Codelco|Rancagua
1962-06-03 15:00|Germany FR|Switzerland|2|1|B|Nacional|Santiago De Chile
1962-06-02 15:00|Yugoslavia|Uruguay|3|1|A|Carlos Dittborn|Arica
1962-06-02 15:00|England|Argentina|3|1|D|Estadio El Teniente-Codelco|Rancagua
1962-06-02 15:00|Chile|Italy|2|0|B|Nacional|Santiago De Chile
1962-06-02 15:00|Brazil|Czechoslovakia|0|0|C|Estadio Sausalito|Vina Del Mar
1962-05-31 15:00|Soviet Union|Yugoslavia|2|0|A|Carlos Dittborn|Arica
1962-05-31 15:00|Hungary|England|2|1|D|Estadio El Teniente-Codelco|Rancagua
1962-05-31 15:00|Germany FR|Italy|0|0|B|Nacional|Santiago De Chile
1962-05-31 15:00|Czechoslovakia|Spain|1|0|C|Estadio Sausalito|Vina Del Mar
1962-05-30 15:00|Uruguay|Colombia|2|1|A|Carlos Dittborn|Arica
1962-05-30 15:00|Chile|Switzerland|3|1|B|Nacional|Santiago De Chile
1962-05-30 15:00|Brazil|Mexico|2|0|C|Estadio Sausalito|Vina Del Mar
1962-05-30 15:00|Argentina|Bulgaria|1|0|D|Estadio El Teniente-Codelco|Rancagua
1958-06-29 15:00|Brazil|Sweden|5|2|Final|Rasunda Stadium|Solna
1958-06-28 17:00|France|Germany FR|6|3|Third|Nya Ullevi|Gothenburg
1958-06-24 19:00|Sweden|Germany FR|3|1|Semi|Nya Ullevi|Gothenburg
1958-06-24 19:00|Brazil|France|5|2|Semi|Rasunda Stadium|Solna
1958-06-19 19:00|Sweden|Soviet Union|2|0|Quarter|Rasunda Stadium|Solna
1958-06-19 19:00|Germany FR|Yugoslavia|1|0|Quarter|Malmo Stadion|Malmö
1958-06-19 19:00|France|Northern Ireland|4|0|Quarter|Idrottsparken|NorrköPing
1958-06-19 19:00|Brazil|Wales|1|0|Quarter|Nya Ullevi|Gothenburg
1958-06-17 19:00|Wales|Hungary|2|1|C|Rasunda Stadium|Solna
1958-06-17 19:00|Soviet Union|England|1|0|D|Nya Ullevi|Gothenburg
1958-06-17 19:00|Northern Ireland|Czechoslovakia|2|1|A|Malmo Stadion|Malmö
1958-06-15 19:00|Paraguay|Yugoslavia|3|3|B|Tunavallen|Eskilstuna
1958-06-15 19:00|Hungary|Mexico|4|0|C|Jarnvallen|Sandviken
1958-06-15 19:00|Germany FR|Northern Ireland|2|2|A|Malmo Stadion|Malmö
1958-06-15 19:00|France|Scotland|2|1|B|Eyravallen|Orebro
1958-06-15 19:00|England|Austria|2|2|D|Ryavallen|Boras
1958-06-15 19:00|Czechoslovakia|Argentina|6|1|A|Olympia Stadium|Helsingborg
1958-06-15 19:00|Brazil|Soviet Union|2|0|D|Nya Ullevi|Gothenburg
1958-06-15 14:00|Sweden|Wales|0|0|C|Rasunda Stadium|Solna
1958-06-12 19:00|Sweden|Hungary|2|1|C|Rasunda Stadium|Solna
1958-06-11 19:00|Yugoslavia|France|3|2|B|Arosvallen|Vasteras
1958-06-11 19:00|Soviet Union|Austria|2|0|D|Ryavallen|Boras
1958-06-11 19:00|Paraguay|Scotland|3|2|B|Idrottsparken|NorrköPing
1958-06-11 19:00|Mexico|Wales|1|1|C|Rasunda Stadium|Solna
1958-06-11 19:00|Germany FR|Czechoslovakia|2|2|A|Olympia Stadium|Helsingborg
1958-06-11 19:00|Brazil|England|0|0|D|Nya Ullevi|Gothenburg
1958-06-11 19:00|Argentina|Northern Ireland|3|1|A|Orjans Vall|Halmstad
1958-06-08 19:00|Yugoslavia|Scotland|1|1|B|Arosvallen|Vasteras
1958-06-08 19:00|Soviet Union|England|2|2|D|Nya Ullevi|Gothenburg
1958-06-08 19:00|Northern Ireland|Czechoslovakia|1|0|A|Orjans Vall|Halmstad
1958-06-08 19:00|Hungary|Wales|1|1|C|Jarnvallen|Sandviken
1958-06-08 19:00|France|Paraguay|7|3|B|Idrottsparken|NorrköPing
1958-06-08 19:00|Brazil|Austria|3|0|D|Rimnersvallen|Udevalla
1958-06-08 19:00|Argentina|Germany FR|1|3|A|Malmo Stadion|Malmö
1958-06-08 14:00|Sweden|Mexico|3|0|C|Rasunda Stadium|Solna
1954-07-04 17:00|Germany FR|Hungary|3|2|Final|Wankdorf Stadium|Berne
1954-07-03 17:00|Austria|Uruguay|3|1|Third|Hardturm|Zurich
1954-06-30 18:00|Hungary|Uruguay|4|2|Semi|La Pontaise|Lausanne
1954-06-30 18:00|Germany FR|Austria|6|1|Semi|St. Jakob|Basel
1954-06-27 17:00|Hungary|Brazil|4|2|Quarter|Wankdorf Stadium|Berne
1954-06-27 17:00|Germany FR|Yugoslavia|2|0|Quarter|Charmilles|Geneva
1954-06-26 17:00|Uruguay|England|4|2|Quarter|St. Jakob|Basel
1954-06-26 17:00|Austria|Switzerland|7|5|Quarter|La Pontaise|Lausanne
1954-06-23 18:00|Switzerland|Italy|4|1|D|St. Jakob|Basel
1954-06-23 18:00|Germany FR|Turkey|7|2|B|Hardturm|Zurich
1954-06-20 17:10|England|Switzerland|2|0|D|Wankdorf Stadium|Berne
1954-06-20 17:00|Turkey|Korea Republic|7|0|B|Charmilles|Geneva
1954-06-20 17:00|Italy|Belgium|4|1|D|Comunale di Cornaredo|Lugano
1954-06-20 16:50|Hungary|Germany FR|8|3|B|St. Jakob|Basel
1954-06-19 17:10|France|Mexico|3|2|A|Charmilles|Geneva
1954-06-19 17:00|Brazil|Yugoslavia|1|1|A|La Pontaise|Lausanne
1954-06-19 17:00|Austria|Czechoslovakia|5|0|C|Hardturm|Zurich
1954-06-19 16:50|Uruguay|Scotland|7|0|C|St. Jakob|Basel
1954-06-17 18:10|England|Belgium|4|4|D|St. Jakob|Basel
1954-06-17 18:00|Hungary|Korea Republic|9|0|B|Hardturm|Zurich
1954-06-17 18:00|Germany FR|Turkey|4|1|B|Wankdorf Stadium|Berne
1954-06-17 17:50|Switzerland|Italy|2|1|D|La Pontaise|Lausanne
1954-06-16 18:00|Yugoslavia|France|1|0|A|La Pontaise|Lausanne
1954-06-16 18:00|Uruguay|Czechoslovakia|2|0|C|Wankdorf Stadium|Berne
1954-06-16 18:00|Brazil|Mexico|5|0|A|Charmilles|Geneva
1954-06-16 18:00|Austria|Scotland|1|0|C|Hardturm|Zurich
1950-07-16 15:00|Uruguay|Brazil|2|1|F|'Maracanã - Estádio Jornalista Mário Filho|Rio De Janeiro
1950-07-16 15:00|Sweden|Spain|3|1|F|Pacaembu|Sao Paulo
1950-07-13 15:00|Uruguay|Sweden|3|2|F|Pacaembu|Sao Paulo
1950-07-13 15:00|Brazil|Spain|6|1|F|'Maracanã - Estádio Jornalista Mário Filho|Rio De Janeiro
1950-07-09 15:00|Uruguay|Spain|2|2|F|Pacaembu|Sao Paulo
1950-07-09 15:00|Brazil|Sweden|7|1|F|'Maracanã - Estádio Jornalista Mário Filho|Rio De Janeiro
1950-07-02 15:40|Switzerland|Mexico|2|1|A|Eucaliptos|Porto Alegre
1950-07-02 15:00|Uruguay|Bolivia|8|0|D|Independencia|Belo Horizonte
1950-07-02 15:00|Spain|England|1|0|B|'Maracanã - Estádio Jornalista Mário Filho|Rio De Janeiro
1950-07-02 15:00|Italy|Paraguay|2|0|C|Pacaembu|Sao Paulo
1950-07-02 15:00|Chile|USA|5|2|B|Ilha do Retiro|Recife
1950-07-01 15:00|Brazil|Yugoslavia|2|0|A|'Maracanã - Estádio Jornalista Mário Filho|Rio De Janeiro
1950-06-29 15:30|Sweden|Paraguay|2|2|C|Durival de Brito|Curitiba
1950-06-29 15:00|USA|England|1|0|B|Independencia|Belo Horizonte
1950-06-29 15:00|Spain|Chile|2|0|B|'Maracanã - Estádio Jornalista Mário Filho|Rio De Janeiro
1950-06-28 15:00|Yugoslavia|Mexico|4|1|A|Eucaliptos|Porto Alegre
1950-06-28 15:00|Brazil|Switzerland|2|2|A|Pacaembu|Sao Paulo
1950-06-25 15:00|Yugoslavia|Switzerland|3|0|A|Independencia|Belo Horizonte
1950-06-25 15:00|Sweden|Italy|3|2|C|Pacaembu|Sao Paulo
1950-06-25 15:00|Spain|USA|3|1|B|Durival de Brito|Curitiba
1950-06-25 15:00|England|Chile|2|0|B|'Maracanã - Estádio Jornalista Mário Filho|Rio De Janeiro
1950-06-24 15:00|Brazil|Mexico|4|0|A|'Maracanã - Estádio Jornalista Mário Filho|Rio De Janeiro
1938-06-19 17:00|Italy|Hungary|4|2|Final|Stade Olympique|Colombes
1938-06-19 17:00|Brazil|Sweden|4|2|Third|Stade du Parc Lescure|Bordeaux
1938-06-16 18:00|Italy|Brazil|2|1|Semi|Orange Vélodrome|Marseilles
1938-06-16 18:00|Hungary|Sweden|5|1|Semi|Parc des Princes|Paris
1938-06-14 18:00|Brazil|Czechoslovakia|2|1|Quarter|Stade du Parc Lescure|Bordeaux
1938-06-12 17:00|Sweden|Cuba|8|0|Quarter|Fort Carree|Antibes
1938-06-12 17:00|Italy|France|3|1|Quarter|Stade Olympique|Colombes
1938-06-12 17:00|Hungary|Switzerland|2|0|Quarter|Victor Boucquey|Lille
1938-06-12 17:00|Brazil|Czechoslovakia|1|1|Quarter|Stade du Parc Lescure|Bordeaux
1938-06-09 18:00|Switzerland|Germany|4|2|Final|Parc des Princes|Paris
1938-06-09 18:00|Cuba|Romania|2|1|Final|Stade Municipal|Toulouse
1938-06-05 18:30|Czechoslovakia|Netherlands|3|0|Final|Cavee Verte|Le Havre
1938-06-05 17:30|Brazil|Poland|6|5|Final|Stade de la Meinau|Strasbourg
1938-06-05 17:00|Italy|Norway|2|1|Final|Stade Vélodrome|Marseilles
1938-06-05 17:00|Hungary|Dutch East Indies|6|0|Final|Velodrome Municipale|Reims
1938-06-05 17:00|France|Belgium|3|1|Final|Stade Olympique|Colombes
1938-06-05 17:00|Cuba|Romania|3|3|Final|Stade Municipal|Toulouse
1938-06-04 17:00|Switzerland|Germany|1|1|Final|Parc des Princes|Paris
1934-06-10 17:30|Italy|Czechoslovakia|2|1|Final|Nazionale PNF|Rome
1934-06-07 18:00|Germany|Austria|3|2|Third|Giorgio Ascarelli|Naples
1934-06-03 16:30|Italy|Austria|1|0|Semi|San Siro|Milan
1934-06-03 16:30|Czechoslovakia|Germany|3|1|Semi|Nazionale PNF|Rome
1934-06-01 16:30|Italy|Spain|1|0|Quarter|Giovanni Berta|Florence
1934-05-31 16:30|Italy|Spain|1|1|Quarter|Giovanni Berta|Florence
1934-05-31 16:30|Germany|Sweden|2|1|Quarter|San Siro|Milan
1934-05-31 16:30|Czechoslovakia|Switzerland|3|2|Quarter|Stadio Benito Mussolini|Turin
1934-05-31 16:30|Austria|Hungary|2|1|Quarter|Littorale|Bologna
1934-05-27 16:30|Switzerland|Netherlands|3|2|Final|San Siro|Milan
1934-05-27 16:30|Sweden|Argentina|3|2|Final|Littorale|Bologna
1934-05-27 16:30|Spain|Brazil|3|1|Final|Luigi Ferraris|Genoa
1934-05-27 16:30|Italy|USA|7|1|Final|Nazionale PNF|Rome
1934-05-27 16:30|Hungary|Egypt|4|2|Final|Giorgio Ascarelli|Naples
1934-05-27 16:30|Germany|Belgium|5|2|Final|Giovanni Berta|Florence
1934-05-27 16:30|Czechoslovakia|Romania|2|1|Final|Littorio|Trieste
1934-05-27 16:30|Austria|France|3|2|Final|Stadio Benito Mussolini|Turin
1930-07-30 14:15|Uruguay|Argentina|4|2|Final|Estadio Centenario|Montevideo
1930-07-27 14:45|Uruguay|Yugoslavia|6|1|Semi|Estadio Centenario|Montevideo
1930-07-26 14:45|Argentina|USA|6|1|Semi|Estadio Centenario|Montevideo
1930-07-22 14:45|Argentina|Chile|3|1|A|Estadio Centenario|Montevideo
1930-07-21 14:50|Uruguay|Romania|4|0|C|Estadio Centenario|Montevideo
1930-07-20 15:00|Paraguay|Belgium|1|0|D|Estadio Centenario|Montevideo
1930-07-20 13:00|Brazil|Bolivia|4|0|B|Estadio Centenario|Montevideo
1930-07-19 15:00|Argentina|Mexico|6|3|A|Estadio Centenario|Montevideo
1930-07-19 12:50|Chile|France|1|0|A|Estadio Centenario|Montevideo
1930-07-18 14:30|Uruguay|Peru|1|0|C|Estadio Centenario|Montevideo
1930-07-17 14:45|USA|Paraguay|3|0|D|Parque Central|Montevideo
1930-07-17 12:45|Yugoslavia|Bolivia|4|0|B|Parque Central|Montevideo
1930-07-16 14:45|Chile|Mexico|3|0|A|Parque Central|Montevideo
1930-07-15 16:00|Argentina|France|1|0|A|Parque Central|Montevideo
1930-07-14 14:50|Romania|Peru|3|1|C|Pocitos|Montevideo
1930-07-14 12:45|Yugoslavia|Brazil|2|1|B|Parque Central|Montevideo
1930-07-13 15:00|USA|Belgium|3|0|D|Parque Central|Montevideo
1930-07-13 15:00|France|Mexico|4|1|A|Pocitos|Montevideo
